{
	"info": {
		"_postman_id": "c56cfe8f-0a2a-4a7c-a658-81fb93230ab2",
		"name": "SampleMocks",
		"schema": "https://schema.getpostman.com/json/collection/v2.1.0/collection.json"
	},
	"item": [
		{
			"name": "Response-200",
			"request": {
				"method": "GET",
				"header": [],
				"url": {
					"raw": ""
				}
			},
			"response": []
		},
		{
			"name": "Response-400",
			"request": {
				"method": "GET",
				"header": [],
				"url": {
					"raw": "http://localhost:2001/csv2/0000",
					"protocol": "http",
					"host": [
						"localhost"
					],
					"port": "2001",
					"path": [
						"csv2",
						"0000"
					]
				}
			},
			"response": []
		},
		{
			"name": "DynamicResponse-200",
			"request": {
				"method": "GET",
				"header": [],
				"url": {
					"raw": "http://localhost:4547/api/customerservicev2/customers/20",
					"protocol": "http",
					"host": [
						"localhost"
					],
					"port": "4547",
					"path": [
						"api",
						"customerservicev2",
						"customers",
						"20"
					]
				}
			},
			"response": []
		},
		{
			"name": "DynamicResponse-400",
			"request": {
				"method": "GET",
				"header": [],
				"url": {
					"raw": "http://localhost:4547/api/customerservicev2/customers/10",
					"protocol": "http",
					"host": [
						"localhost"
					],
					"port": "4547",
					"path": [
						"api",
						"customerservicev2",
						"customers",
						"10"
					]
				}
			},
			"response": []
		},
		{
			"name": "ProxyService-CSV2",
			"request": {
				"method": "GET",
				"header": [],
				"url": {
					"raw": "https://localhost:2527/api/customerservicev2/healthcheck/up",
					"protocol": "https",
					"host": [
						"localhost"
					],
					"port": "2527",
					"path": [
						"api",
						"customerservicev2",
						"healthcheck",
						"up"
					]
				}
			},
			"response": []
		},
		{
			"name": "ProxyService-CSV2CustomerDetails",
			"request": {
				"method": "GET",
				"header": [],
				"url": {
					"raw": "https://localhost:2527/api/customerservicev2/customers/4019995339",
					"protocol": "https",
					"host": [
						"localhost"
					],
					"port": "2527",
					"path": [
						"api",
						"customerservicev2",
						"customers",
						"4019995339"
					]
				}
			},
			"response": []
		},
		{
			"name": "ProxyService-CSV2CustomerDetails Copy",
			"request": {
				"method": "GET",
				"header": [],
				"url": {
					"raw": "https://localhost:2527/api/customerservicev2/healthcheck/up",
					"protocol": "https",
					"host": [
						"localhost"
					],
					"port": "2527",
					"path": [
						"api",
						"customerservicev2",
						"healthcheck",
						"up"
					]
				}
			},
			"response": []
		},
		{
			"name": "ProxyService-Arrangement",
			"request": {
				"method": "GET",
				"header": [],
				"url": {
					"raw": "https://localhost:2520/api/arrangementservice/healthcheck/up",
					"protocol": "https",
					"host": [
						"localhost"
					],
					"port": "2520",
					"path": [
						"api",
						"arrangementservice",
						"healthcheck",
						"up"
					]
				}
			},
			"response": []
		},
		{
			"name": "ProxyService-ArrangementAccounts",
			"request": {
				"method": "GET",
				"header": [],
				"url": {
					"raw": "https://localhost:2520/api/arrangementservice/healthcheck/up",
					"protocol": "https",
					"host": [
						"localhost"
					],
					"port": "2520",
					"path": [
						"api",
						"arrangementservice",
						"healthcheck",
						"up"
					]
				}
			},
			"response": []
		}
	]
}