{
	"cspCustomerId": "4019995339",
	"kycBranchId": "016628",
	"externalCustomerIds": [
		{
			"externalSystem": "Siebel KYC",
			"id": "KYC-000074247"
		}
	],
	"externalCustomerNames": [
		{
			"externalSystem": "CAP CIS",
			"name": "BASILIO PRODUCTION SERVICES"
		}
	],
	"anzAccountArrangements": [],
	"anzCustomerRelationships": [],
	"customerType": "Business",
	"contactPoints": [
		{
			"contactPointDiscriminator": "Address",
			"id": null,
			"label": null,
			"contactPointRoles": [],
			"startDate": "2013-08-08",
			"endDate": null,
			"preferredName": null,
			"firstName": "JOHN",
			"middleName": "",
			"lastName": "XYZ",
			"jobTitle": "SECRETARY",
			"seqNum": null,
			"addressType": [
				"Customer Mailing Address"
			],
			"structuredAddress": {
				"pobox": null,
				"propertyName": null,
				"unit": null,
				"streetNumber": "39",
				"streetName": "KOONDOOLA AV",
				"streetType": null,
				"DPID": null
			},
			"unstructuredAddress": {
				"addressLine1": "",
				"addressLine2": "39 KOONDOOLA AV",
				"addressLine3": null
			},
			"city": "KOONDOOLA",
			"state": "WA",
			"postcode": "6064",
			"country": "AU",
			"mailingTitle1": null,
			"mailingTitle2": null,
			"timeAtAddress": null,
			"postalSameasTrading": null,
			"isLocalAddress": null
		},
		{
			"contactPointDiscriminator": "Phone",
			"id": null,
			"label": null,
			"contactPointRoles": [],
			"startDate": null,
			"endDate": null,
			"preferredName": null,
			"firstName": "JOHN",
			"middleName": "",
			"lastName": "XYZ",
			"jobTitle": "",
			"seqNum": "1",
			"phoneType": [
				"Mobile"
			],
			"extension": null,
			"areaCode": null,
			"number": "411111111",
			"passCode": null,
			"country": null
		},
		{
			"contactPointDiscriminator": "Phone",
			"id": null,
			"label": null,
			"contactPointRoles": [],
			"startDate": null,
			"endDate": null,
			"preferredName": null,
			"firstName": "JOHN",
			"middleName": "",
			"lastName": "SMITH",
			"jobTitle": "",
			"seqNum": "1",
			"phoneType": [
				"Mobile"
			],
			"extension": null,
			"areaCode": null,
			"number": "61412369854",
			"passCode": null,
			"country": null
		},
		{
			"contactPointDiscriminator": "Phone",
			"id": null,
			"label": null,
			"contactPointRoles": [],
			"startDate": null,
			"endDate": null,
			"preferredName": null,
			"firstName": "JOHN",
			"middleName": "",
			"lastName": "SMITH",
			"jobTitle": "SECRETARY",
			"seqNum": "1",
			"phoneType": [
				"Mobile"
			],
			"extension": null,
			"areaCode": null,
			"number": "412369854",
			"passCode": null,
			"country": null
		},
		{
			"contactPointDiscriminator": "Email",
			"id": null,
			"label": null,
			"contactPointRoles": [
				"Preferred Contact"
			],
			"startDate": null,
			"endDate": null,
			"preferredName": null,
			"firstName": null,
			"middleName": null,
			"lastName": null,
			"jobTitle": null,
			"seqNum": null,
			"emailAddress": "MASKED@ANZ.TESTING.COM",
			"emailType": "Personal Email"
		}
	],
	"controlPostId": "R1402",
	"kycStatus": "Partially Complete",
	"verificationStatus": "Verified",
	"multipleCLGAvailable": null,
	"performanceIndicator": null,
	"acceptsMarketing": true,
	"salutation": null,
	"usTaxResident": null,
	"taxFileNumber": null,
	"taxFileNumberType": "No TFN",
	"verbalSecurityCode": "TESTER1",
	"title": null,
	"countryOfResidence": null,
	"bankingRelationships": [],
	"bankingServices": [],
	"privacyConsent": false,
	"customerTiebreaker": 11,
	"crsInformation": null,
	"citizenship": null,
	"secondaryCitizenship": null,
	"openDate": "2011-12-13",
	"updateDate": "2015-09-22",
	"abn": null,
	"abnStatus": null,
	"abnStatusDate": null,
	"accreditedFranchisee": null,
	"acn": null,
	"acnStatus": null,
	"acnStatusDate": null,
	"arbn": null,
	"arbnStatus": null,
	"arbnStatusDate": null,
	"anzic": "0173",
	"anzicDesc": null,
	"businessType": null,
	"businessName": "BASILIO PRODUCTION SERVICES",
	"businessEntity": "Partnership",
	"borrowingEntityActingAsTrustee": null,
	"tradeYearGtOne": null,
	"tradingName": null,
	"yearsOwned": null,
	"dateOfEstablishment": "2011-11-01"
}