[
  { "version": "v1.1.0", "date": "2014-05-09" },
  { "version": "v1.1.36", "date": "2014-05-20" },
  { "version": "v1.1.72", "date": "2014-12-31" },
  { "version": "v1.2.0", "date": "2015-01-03" },
  { "version": "v1.2.30", "date": "2015-01-24" },
  { "version": "v1.2.45", "date": "2015-02-16" },
  { "version": "v1.2.56", "date": "2015-03-14" },
  { "version": "v1.2.103", "date": "2015-04-12" },
  { "version": "v1.2.122", "date": "2015-05-04" },
  { "version": "v1.3.0", "date": "2015-09-20" },
  { "version": "v1.3.1", "date": "2015-10-11" },
  { "version": "v1.4.0", "date": "2015-10-14" },
  { "version": "v1.4.1", "date": "2015-10-23" },
  { "version": "v1.4.2", "date": "2015-11-07" },
  { "version": "v1.4.3", "date": "2016-01-16" },
  { "version": "v1.5.0", "date": "2016-04-11" },
  { "version": "v1.5.1", "date": "2016-04-18" },
  { "version": "v1.6.0", "date": "2016-08-15" },
  { "version": "v1.7.0", "date": "2016-11-29" },
  { "version": "v1.7.1", "date": "2016-11-30" },
  { "version": "v1.7.2", "date": "2016-12-2" },
  { "version": "v1.8.0", "date": "2017-01-03" },
  { "version": "v1.9.0", "date": "2017-02-26" },
  { "version": "v1.10.0", "date": "2017-04-02" }
]
